Trade Date,Transaction Type,Symbol,Shares,Share Price,Principal Amount,Commission Fees,Net Amount,Accrued Interest,,Acct,Open Daysout,Expiry Date,Expiry Daysout,Open Action,Open CommsnOpen Date,Contracts,Open Fee / Share,Open Root Price,Option Type,Root,Strike Price,Open Xtn Type,Open IV,Open POW,ARR BE Close Fee,ARR BE Profit,Cur Price % Chg,Cur Root Price,Open % Fee,Open % OTM,Open ARR,Strike v Cur Root Price,Open Net Proceeds,Cash at Risk,Stock $ at Risk,Close Fee / Share,Close Date,Close Root Price,Close Net Proceeds,Close Daysout,Close Commsn,Close Xtn Type,Close ARR,Assigned ARR
12/12/2022,Sell to open,MPW230127P00010000,-8.0,0.55,440.0,8.0,431.99,0.0,,,,,,,,,,,,,,,,,,,,,,,,,,,,,,,,,,,,
12/12/2022,Sell to open,MRNA230120P00150000,-1.0,7.95,795.0,1.0,793.98,0.0,,,,,,,,,,,,,,,,,,,,,,,,,,,,,,,,,,,,
12/12/2022,Buy to open,NFLX230127P00270000,1.0,10.9,-1090.0,1.0,-1091.0,0.0,,,,,,,,,,,,,,,,,,,,,,,,,,,,,,,,,,,,
12/12/2022,Sell to close,NFLX230127P00270000,-1.0,10.7,1070.0,1.0,1068.98,0.0,,,,,,,,,,,,,,,,,,,,,,,,,,,,,,,,,,,,
12/12/2022,Sell to open,NFLX230127P00270000,-1.0,10.7,1070.0,1.0,1068.98,0.0,,,,,,,,,,,,,,,,,,,,,,,,,,,,,,,,,,,,
12/12/2022,Sell to open,OKTA230113P00060000,-1.0,2.2,220.0,1.0,218.99,0.0,,,,,,,,,,,,,,,,,,,,,,,,,,,,,,,,,,,,
12/09/2022,Assignment,AVGO221209C00485000,2.0,0.0,0.0,0.0,0.0,0.0,,,,,,,,,,,,,,,,,,,,,,,,,,,,,,,,,,,,
12/09/2022,Buy to close,DDOG221223P00066000,3.0,1.11,-333.0,3.0,-336.0,0.0,,,,,,,,,,,,,,,,,,,,,,,,,,,,,,,,,,,,
12/09/2022,Sell to open,DDOG230217C00095000,-3.0,3.2,960.0,3.0,956.98,0.0,,,,,,,,,,,,,,,,,,,,,,,,,,,,,,,,,,,,
12/09/2022,Assignment,DVN230120P00085000,2.0,0.0,0.0,0.0,0.0,0.0,,,,,,,,,,,,,,,,,,,,,,,,,,,,,,,,,,,,
12/09/2022,Buy to close,LRCX221209C00450000,2.0,3.65,-730.0,2.0,-732.0,0.0,,,,,,,,,,,,,,,,,,,,,,,,,,,,,,,,,,,,
12/09/2022,Sell to open,MRNA230113P00160000,-1.0,7.8,780.0,1.0,778.98,0.0,,,,,,,,,,,,,,,,,,,,,,,,,,,,,,,,,,,,
12/09/2022,Assignment,NVDA221209C00155000,1.0,0.0,0.0,0.0,0.0,0.0,,,,,,,,,,,,,,,,,,,,,,,,,,,,,,,,,,,,
12/09/2022,Buy to close,SBLK221223P00018000,7.0,0.25,-175.0,7.0,-182.0,0.0,,,,,,,,,,,,,,,,,,,,,,,,,,,,,,,,,,,,
12/08/2022,Sell to open,AFL230217C00072500,-3.0,2.45,735.0,3.0,731.98,0.0,,,,,,,,,,,,,,,,,,,,,,,,,,,,,,,,,,,,
12/08/2022,Sell to open,MRNA230113P00162500,-1.0,7.5,750.0,1.0,748.98,0.0,,,,,,,,,,,,,,,,,,,,,,,,,,,,,,,,,,,,
12/07/2022,Sell to open,ACLS230120P00070000,-1.0,2.25,225.0,1.0,223.99,0.0,,,,,,,,,,,,,,,,,,,,,,,,,,,,,,,,,,,,
12/07/2022,Sell to open,AMR230120P00140000,-1.0,5.6,560.0,1.0,558.99,0.0,,,,,,,,,,,,,,,,,,,,,,,,,,,,,,,,,,,,
12/07/2022,Sell to close,CF221216P00092500,-1.0,0.8,80.0,1.0,79.0,0.0,,,,,,,,,,,,,,,,,,,,,,,,,,,,,,,,,,,,
12/07/2022,Sell to open,WSM230106C00122000,-4.0,2.2,880.0,4.0,875.98,0.0,,,,,,,,,,,,,,,,,,,,,,,,,,,,,,,,,,,,
12/06/2022,Sell to open,ADBE221230P00300000,-1.0,5.8,580.0,1.0,578.99,0.0,,,,,,,,,,,,,,,,,,,,,,,,,,,,,,,,,,,,
12/06/2022,Buy to close,CF221230C00117000,1.0,0.8,-80.0,1.0,-81.0,0.0,,,,,,,,,,,,,,,,,,,,,,,,,,,,,,,,,,,,
12/06/2022,Buy to close,DDOG230120C00090000,3.0,0.9,-270.0,3.0,-273.0,0.0,,,,,,,,,,,,,,,,,,,,,,,,,,,,,,,,,,,,
12/06/2022,Sell to open,ET230120P00015000,-10.0,2.81,2810.0,10.0,2799.94,0.0,,,,,,,,,,,,,,,,,,,,,,,,,,,,,,,,,,,,
12/06/2022,Buy to close,XOM230106C00116000,2.0,0.6,-120.0,2.0,-122.0,0.0,,,,,,,,,,,,,,,,,,,,,,,,,,,,,,,,,,,,
12/05/2022,Buy to open,CF221216P00092500,1.0,0.35,-35.0,1.0,-36.0,0.0,,,,,,,,,,,,,,,,,,,,,,,,,,,,,,,,,,,,
12/05/2022,Assignment,ET230120P00014000,7.0,0.0,0.0,0.0,0.0,0.0,,,,,,,,,,,,,,,,,,,,,,,,,,,,,,,,,,,,
12/05/2022,Sell to open,SNOW230106C00160000,-1.0,2.9,290.0,1.0,288.99,0.0,,,,,,,,,,,,,,,,,,,,,,,,,,,,,,,,,,,,
12/02/2022,Assignment,AMD221202C00067000,2.0,0.0,0.0,0.0,0.0,0.0,,,,,,,,,,,,,,,,,,,,,,,,,,,,,,,,,,,,
12/02/2022,Buy to close,CRM221202C00150000,2.0,0.1,-20.0,2.0,-22.0,0.0,,,,,,,,,,,,,,,,,,,,,,,,,,,,,,,,,,,,
12/02/2022,Buy to close,CRWD221223C00150000,2.0,0.36,-72.0,2.0,-74.0,0.0,,,,,,,,,,,,,,,,,,,,,,,,,,,,,,,,,,,,
12/02/2022,Buy to close,DVN221202P00069000,2.0,0.57,-114.0,2.0,-116.0,0.0,,,,,,,,,,,,,,,,,,,,,,,,,,,,,,,,,,,,
12/02/2022,Assignment,DVN221202P00071000,5.0,0.0,0.0,0.0,0.0,0.0,,,,,,,,,,,,,,,,,,,,,,,,,,,,,,,,,,,,
12/02/2022,Assignment,DVN221202P00073000,3.0,0.0,0.0,0.0,0.0,0.0,,,,,,,,,,,,,,,,,,,,,,,,,,,,,,,,,,,,
12/02/2022,Assignment,EXPE221202C00100000,1.0,0.0,0.0,0.0,0.0,0.0,,,,,,,,,,,,,,,,,,,,,,,,,,,,,,,,,,,,
12/02/2022,Assignment,MRNA221202C00150000,2.0,0.0,0.0,0.0,0.0,0.0,,,,,,,,,,,,,,,,,,,,,,,,,,,,,,,,,,,,
12/02/2022,Buy to close,MRVL221230P00038000,2.0,0.36,-72.0,2.0,-74.0,0.0,,,,,,,,,,,,,,,,,,,,,,,,,,,,,,,,,,,,
12/02/2022,Assignment,OKTA221202C00053000,5.0,0.0,0.0,0.0,0.0,0.0,,,,,,,,,,,,,,,,,,,,,,,,,,,,,,,,,,,,
12/02/2022,Expired,OKTA221202P00046000,2.0,0.0,0.0,0.0,0.0,0.0,,,,,,,,,,,,,,,,,,,,,,,,,,,,,,,,,,,,
12/02/2022,Assignment,SNOW221202P00150000,1.0,0.0,0.0,0.0,0.0,0.0,,,,,,,,,,,,,,,,,,,,,,,,,,,,,,,,,,,,
12/02/2022,Sell to open,ZIM230421P00020000,-5.0,4.8,2400.0,5.0,2394.95,0.0,,,,,,,,,,,,,,,,,,,,,,,,,,,,,,,,,,,,
12/01/2022,Sell to open,DDOG221230P00069000,-3.0,2.5,750.0,3.0,746.98,0.0,,,,,,,,,,,,,,,,,,,,,,,,,,,,,,,,,,,,
12/01/2022,Buy to close,DVN221209P00065000,1.0,0.65,-65.0,1.0,-66.0,0.0,,,,,,,,,,,,,,,,,,,,,,,,,,,,,,,,,,,,
12/01/2022,Sell to open,MPW230106P00012000,-6.0,0.5,300.0,6.0,293.99,0.0,,,,,,,,,,,,,,,,,,,,,,,,,,,,,,,,,,,,
12/01/2022,Sell to open,NFLX230106P00290000,-1.0,6.9,690.0,1.0,688.98,0.0,,,,,,,,,,,,,,,,,,,,,,,,,,,,,,,,,,,,
12/01/2022,Sell to open,OKTA230120P00055000,-1.0,2.37,237.0,1.0,235.99,0.0,,,,,,,,,,,,,,,,,,,,,,,,,,,,,,,,,,,,
12/01/2022,Buy to close,SNOW221209P00130000,2.0,3.0,-600.0,2.0,-602.0,0.0,,,,,,,,,,,,,,,,,,,,,,,,,,,,,,,,,,,,
12/01/2022,Sell to open,XOM230106C00116000,-2.0,1.94,388.0,2.0,385.99,0.0,,,,,,,,,,,,,,,,,,,,,,,,,,,,,,,,,,,,
11/30/2022,Buy to close,BIIB221209P00285000,1.0,0.95,-95.0,1.0,-96.0,0.0,,,,,,,,,,,,,,,,,,,,,,,,,,,,,,,,,,,,
11/30/2022,Sell to open,CRWD221230P00110000,-2.0,3.75,750.0,2.0,747.98,0.0,,,,,,,,,,,,,,,,,,,,,,,,,,,,,,,,,,,,
11/30/2022,Buy to close,FLNG230217P00029500,2.0,0.75,-150.0,2.0,-152.0,0.0,,,,,,,,,,,,,,,,,,,,,,,,,,,,,,,,,,,,
11/30/2022,Sell to open,MPW230120P00013000,-5.0,1.0,500.0,5.0,494.99,0.0,,,,,,,,,,,,,,,,,,,,,,,,,,,,,,,,,,,,
11/30/2022,Sell to open,MRVL221230P00038000,-2.0,1.23,246.0,2.0,243.99,0.0,,,,,,,,,,,,,,,,,,,,,,,,,,,,,,,,,,,,
11/30/2022,Buy to close,XOM221230C00116000,2.0,1.55,-310.0,2.0,-312.0,0.0,,,,,,,,,,,,,,,,,,,,,,,,,,,,,,,,,,,,
11/29/2022,Sell to open,MRNA230106P00160000,-1.0,7.4,740.0,1.0,738.98,0.0,,,,,,,,,,,,,,,,,,,,,,,,,,,,,,,,,,,,
11/28/2022,Sell to open,DDOG221230P00067000,-2.0,2.89,578.0,2.0,575.99,0.0,,,,,,,,,,,,,,,,,,,,,,,,,,,,,,,,,,,,
11/28/2022,Sell to open,DVN230106P00061000,-1.0,2.26,226.0,1.0,224.99,0.0,,,,,,,,,,,,,,,,,,,,,,,,,,,,,,,,,,,,
11/28/2022,Sell to open,FLNG221216P00034500,-2.0,1.1,220.0,2.0,217.99,0.0,,,,,,,,,,,,,,,,,,,,,,,,,,,,,,,,,,,,
11/28/2022,Sell to open,MPW221230P00012000,-2.0,0.4,80.0,2.0,78.0,0.0,,,,,,,,,,,,,,,,,,,,,,,,,,,,,,,,,,,,
11/28/2022,Sell to open,MPW221230P00012000,-3.0,0.45,135.0,3.0,132.0,0.0,,,,,,,,,,,,,,,,,,,,,,,,,,,,,,,,,,,,
11/28/2022,Sell to open,RITM230120P00009000,-8.0,0.6,480.0,8.0,471.99,0.0,,,,,,,,,,,,,,,,,,,,,,,,,,,,,,,,,,,,
11/28/2022,Sell to open,SBLK221223P00018500,-2.0,0.95,190.0,2.0,188.0,0.0,,,,,,,,,,,,,,,,,,,,,,,,,,,,,,,,,,,,
11/28/2022,Sell to open,ZIM221230P00022500,-3.0,2.0,600.0,3.0,596.99,0.0,,,,,,,,,,,,,,,,,,,,,,,,,,,,,,,,,,,,
11/25/2022,Buy to close,AMZN221230C00107000,1.0,0.8,-80.0,1.0,-81.0,0.0,,,,,,,,,,,,,,,,,,,,,,,,,,,,,,,,,,,,
11/25/2022,Assignment,AVGO221125C00470000,1.0,0.0,0.0,0.0,0.0,0.0,,,,,,,,,,,,,,,,,,,,,,,,,,,,,,,,,,,,
11/25/2022,Buy to close,CF221216P00092500,1.0,0.65,-65.0,1.0,-66.0,0.0,,,,,,,,,,,,,,,,,,,,,,,,,,,,,,,,,,,,
11/25/2022,Sell to open,DDOG221223P00066000,-2.0,2.33,466.0,2.0,463.99,0.0,,,,,,,,,,,,,,,,,,,,,,,,,,,,,,,,,,,,
11/25/2022,Buy to close,DVN221125P00069000,3.0,0.45,-135.0,3.0,-138.0,0.0,,,,,,,,,,,,,,,,,,,,,,,,,,,,,,,,,,,,
11/25/2022,Sell to open,LRCX221223P00430000,-1.0,11.55,1155.0,1.0,1153.97,0.0,,,,,,,,,,,,,,,,,,,,,,,,,,,,,,,,,,,,
11/25/2022,Buy to close,MPW221209P00010000,3.0,0.05,-15.0,3.0,-18.0,0.0,,,,,,,,,,,,,,,,,,,,,,,,,,,,,,,,,,,,
11/25/2022,Sell to open,MRNA221230P00162500,-1.0,7.35,735.0,1.0,733.98,0.0,,,,,,,,,,,,,,,,,,,,,,,,,,,,,,,,,,,,
11/25/2022,Assignment,NVDA221125C00140000,1.0,0.0,0.0,0.0,0.0,0.0,,,,,,,,,,,,,,,,,,,,,,,,,,,,,,,,,,,,
11/25/2022,Buy to close,ON221216P00065000,2.0,0.8,-160.0,2.0,-162.0,0.0,,,,,,,,,,,,,,,,,,,,,,,,,,,,,,,,,,,,
11/25/2022,Sell to open,QCOM221230P00117000,-1.0,2.65,265.0,1.0,263.99,0.0,,,,,,,,,,,,,,,,,,,,,,,,,,,,,,,,,,,,
11/25/2022,Buy to close,SBLK221216P00017000,2.0,0.3,-60.0,2.0,-62.0,0.0,,,,,,,,,,,,,,,,,,,,,,,,,,,,,,,,,,,,
11/23/2022,Sell to open,EPD230120P00026000,-4.0,1.34,536.0,4.0,531.99,0.0,,,,,,,,,,,,,,,,,,,,,,,,,,,,,,,,,,,,
11/23/2022,Buy to close,GOOGL221223P00091000,3.0,1.16,-348.0,3.0,-351.0,0.0,,,,,,,,,,,,,,,,,,,,,,,,,,,,,,,,,,,,
11/23/2022,Buy to close,MPW221209P00010000,1.0,0.05,-5.0,1.0,-6.0,0.0,,,,,,,,,,,,,,,,,,,,,,,,,,,,,,,,,,,,
11/23/2022,Sell to open,MPW230120P00013000,-8.0,1.07,856.0,8.0,847.98,0.0,,,,,,,,,,,,,,,,,,,,,,,,,,,,,,,,,,,,
11/23/2022,Sell to open,MRNA221230P00160000,-1.0,6.75,675.0,1.0,673.98,0.0,,,,,,,,,,,,,,,,,,,,,,,,,,,,,,,,,,,,
11/23/2022,Buy to close,MSFT221216P00225000,1.0,1.15,-115.0,1.0,-116.0,0.0,,,,,,,,,,,,,,,,,,,,,,,,,,,,,,,,,,,,
11/23/2022,Buy to close,SBLK221216P00017000,4.0,0.3,-120.0,4.0,-124.0,0.0,,,,,,,,,,,,,,,,,,,,,,,,,,,,,,,,,,,,
11/23/2022,Sell to open,ZIM221223P00022000,-5.0,1.35,675.0,5.0,669.98,0.0,,,,,,,,,,,,,,,,,,,,,,,,,,,,,,,,,,,,
11/22/2022,Buy to close,BIIB221223P00270000,1.0,3.1,-310.0,1.0,-311.0,0.0,,,,,,,,,,,,,,,,,,,,,,,,,,,,,,,,,,,,
11/22/2022,Buy to close,BIIB230120P00260000,1.0,5.1,-510.0,1.0,-511.0,0.0,,,,,,,,,,,,,,,,,,,,,,,,,,,,,,,,,,,,
11/22/2022,Sell to open,CF221230C00117000,-1.0,3.1,310.0,1.0,308.99,0.0,,,,,,,,,,,,,,,,,,,,,,,,,,,,,,,,,,,,
11/22/2022,Sell to open,CRWD221223C00150000,-2.0,4.8,960.0,2.0,957.98,0.0,,,,,,,,,,,,,,,,,,,,,,,,,,,,,,,,,,,,
11/22/2022,Buy to close,CRWD221223C00165000,2.0,1.8900000000000001,-378.0,2.0,-380.0,0.0,,,,,,,,,,,,,,,,,,,,,,,,,,,,,,,,,,,,
11/22/2022,Sell to open,ON221223P00066000,-2.0,1.7,340.0,2.0,337.99,0.0,,,,,,,,,,,,,,,,,,,,,,,,,,,,,,,,,,,,
11/22/2022,Sell to open,SBLK221223P00018000,-7.0,0.8,560.0,7.0,552.99,0.0,,,,,,,,,,,,,,,,,,,,,,,,,,,,,,,,,,,,
11/22/2022,Sell to open,ZIM221230P00020500,-7.0,1.05,735.0,7.0,727.98,0.0,,,,,,,,,,,,,,,,,,,,,,,,,,,,,,,,,,,,
11/21/2022,Sell to open,DDOG221223P00066000,-1.0,2.74,274.0,1.0,272.99,0.0,,,,,,,,,,,,,,,,,,,,,,,,,,,,,,,,,,,,
11/21/2022,Buy to close,DVN221209C00076000,3.0,0.5,-150.0,3.0,-153.0,0.0,,,,,,,,,,,,,,,,,,,,,,,,,,,,,,,,,,,,
11/21/2022,Buy to close,XOM221125C00112000,2.0,0.35,-70.0,2.0,-72.0,0.0,,,,,,,,,,,,,,,,,,,,,,,,,,,,,,,,,,,,
11/21/2022,Sell to open,XOM221230C00116000,-2.0,2.62,524.0,2.0,521.99,0.0,,,,,,,,,,,,,,,,,,,,,,,,,,,,,,,,,,,,
11/18/2022,Assignment,AIG221118C00057500,2.0,0.0,0.0,0.0,0.0,0.0,,,,,,,,,,,,,,,,,,,,,,,,,,,,,,,,,,,,
11/18/2022,Sell to open,AMZN221216P00089000,-2.0,2.58,516.0,2.0,513.99,0.0,,,,,,,,,,,,,,,,,,,,,,,,,,,,,,,,,,,,
11/18/2022,Sell to open,ARNC221216C00022000,-6.0,0.45,270.0,6.0,263.99,0.0,,,,,,,,,,,,,,,,,,,,,,,,,,,,,,,,,,,,
11/18/2022,Sell to open,ARNC230120C00023000,-5.0,0.65,325.0,5.0,319.99,0.0,,,,,,,,,,,,,,,,,,,,,,,,,,,,,,,,,,,,
11/18/2022,Assignment,ATCO221118C00015000,10.0,0.0,0.0,0.0,0.0,0.0,,,,,,,,,,,,,,,,,,,,,,,,,,,,,,,,,,,,
11/18/2022,Buy to close,CF221223C00116000,1.0,1.7,-170.0,1.0,-171.0,0.0,,,,,,,,,,,,,,,,,,,,,,,,,,,,,,,,,,,,
11/18/2022,Sell to open,DDOG230120C00090000,-3.0,3.4699999999999998,1041.0,3.0,1037.98,0.0,,,,,,,,,,,,,,,,,,,,,,,,,,,,,,,,,,,,
11/18/2022,Assignment,IRM221118C00050000,2.0,0.0,0.0,0.0,0.0,0.0,,,,,,,,,,,,,,,,,,,,,,,,,,,,,,,,,,,,
11/18/2022,Buy to close,MPW221209P00010000,1.0,0.1,-10.0,1.0,-11.0,0.0,,,,,,,,,,,,,,,,,,,,,,,,,,,,,,,,,,,,
11/18/2022,Sell to open,MRNA221223P00165000,-1.0,7.1,710.0,1.0,708.98,0.0,,,,,,,,,,,,,,,,,,,,,,,,,,,,,,,,,,,,
11/18/2022,Expired,NRG221118C00044000,3.0,0.0,0.0,0.0,0.0,0.0,,,,,,,,,,,,,,,,,,,,,,,,,,,,,,,,,,,,
11/18/2022,Buy to close,WSM221216C00130000,4.0,2.0,-800.0,4.0,-804.0,0.0,,,,,,,,,,,,,,,,,,,,,,,,,,,,,,,,,,,,
11/18/2022,Sell to open,ZIM221223P00020000,-7.0,1.2,840.0,7.0,832.98,0.0,,,,,,,,,,,,,,,,,,,,,,,,,,,,,,,,,,,,
11/17/2022,Buy to close,BIIB221209P00265000,1.0,2.75,-275.0,1.0,-276.0,0.0,,,,,,,,,,,,,,,,,,,,,,,,,,,,,,,,,,,,
11/17/2022,Sell to open,CF221216P00092500,-1.0,2.5,250.0,1.0,248.99,0.0,,,,,,,,,,,,,,,,,,,,,,,,,,,,,,,,,,,,
11/17/2022,Sell to open,CRWD221216P00125000,-1.0,5.2,520.0,1.0,518.99,0.0,,,,,,,,,,,,,,,,,,,,,,,,,,,,,,,,,,,,
11/17/2022,Buy to close,MRNA221223P00145000,1.0,2.7,-270.0,1.0,-271.0,0.0,,,,,,,,,,,,,,,,,,,,,,,,,,,,,,,,,,,,
11/17/2022,Sell to open,MRNA221223P00165000,-1.0,6.8,680.0,1.0,678.98,0.0,,,,,,,,,,,,,,,,,,,,,,,,,,,,,,,,,,,,
11/17/2022,Buy to close,MSFT221216P00215000,2.0,1.41,-282.0,2.0,-284.0,0.0,,,,,,,,,,,,,,,,,,,,,,,,,,,,,,,,,,,,
11/17/2022,Sell to open,ON221216P00065000,-2.0,1.8599999999999999,372.0,2.0,369.99,0.0,,,,,,,,,,,,,,,,,,,,,,,,,,,,,,,,,,,,
11/17/2022,Sell to open,WSM221216P00115000,-1.0,3.8,380.0,1.0,378.99,0.0,,,,,,,,,,,,,,,,,,,,,,,,,,,,,,,,,,,,
11/16/2022,Sell to open,BIIB230120P00260000,-1.0,8.0,800.0,1.0,798.98,0.0,,,,,,,,,,,,,,,,,,,,,,,,,,,,,,,,,,,,
11/16/2022,Sell to open,CRWD221223C00165000,-2.0,4.35,870.0,2.0,867.98,0.0,,,,,,,,,,,,,,,,,,,,,,,,,,,,,,,,,,,,
11/16/2022,Sell to open,DDOG221223P00072000,-2.0,2.9,580.0,2.0,577.99,0.0,,,,,,,,,,,,,,,,,,,,,,,,,,,,,,,,,,,,
11/16/2022,Assignment,MGA221118C00057500,1.0,0.0,0.0,0.0,0.0,0.0,,,,,,,,,,,,,,,,,,,,,,,,,,,,,,,,,,,,
11/16/2022,Sell to open,MPW221223P00011000,-7.0,0.41,287.0,7.0,279.99,0.0,,,,,,,,,,,,,,,,,,,,,,,,,,,,,,,,,,,,
11/16/2022,Sell to open,SNOW221223P00135000,-2.0,8.0,1600.0,2.0,1597.96,0.0,,,,,,,,,,,,,,,,,,,,,,,,,,,,,,,,,,,,
11/16/2022,Buy to close,ZIM221216P00020500,7.0,0.7,-490.0,7.0,-497.0,0.0,,,,,,,,,,,,,,,,,,,,,,,,,,,,,,,,,,,,
11/15/2022,Sell to open,AMZN221230P00094000,-2.0,3.25,650.0,2.0,647.99,0.0,,,,,,,,,,,,,,,,,,,,,,,,,,,,,,,,,,,,
11/15/2022,Sell to open,BIIB221223P00270000,-1.0,6.3,630.0,1.0,628.99,0.0,,,,,,,,,,,,,,,,,,,,,,,,,,,,,,,,,,,,
11/15/2022,Sell to open,CAT221223P00225000,-2.0,5.5,1100.0,2.0,1097.97,0.0,,,,,,,,,,,,,,,,,,,,,,,,,,,,,,,,,,,,
11/15/2022,Buy to close,DDOG221125P00072000,1.0,0.57,-57.0,1.0,-58.0,0.0,,,,,,,,,,,,,,,,,,,,,,,,,,,,,,,,,,,,
11/15/2022,Sell to open,DVN221230P00065000,-3.0,2.15,645.0,3.0,641.99,0.0,,,,,,,,,,,,,,,,,,,,,,,,,,,,,,,,,,,,
11/15/2022,Buy to close,GOOGL221216P00088000,2.0,0.86,-172.0,2.0,-174.0,0.0,,,,,,,,,,,,,,,,,,,,,,,,,,,,,,,,,,,,
11/15/2022,Sell to open,ON221230P00067000,-3.0,2.25,675.0,3.0,671.98,0.0,,,,,,,,,,,,,,,,,,,,,,,,,,,,,,,,,,,,
11/15/2022,Buy to close,SNOW221125P00155000,1.0,3.5,-350.0,1.0,-351.0,0.0,,,,,,,,,,,,,,,,,,,,,,,,,,,,,,,,,,,,
11/14/2022,Sell to open,AMZN221230C00107000,-1.0,3.0,300.0,1.0,298.99,0.0,,,,,,,,,,,,,,,,,,,,,,,,,,,,,,,,,,,,
11/14/2022,Sell to open,BIIB221209P00285000,-1.0,7.9,790.0,1.0,788.98,0.0,,,,,,,,,,,,,,,,,,,,,,,,,,,,,,,,,,,,
11/14/2022,Buy to close,BIIB221216P00250000,1.0,2.65,-265.0,1.0,-266.0,0.0,,,,,,,,,,,,,,,,,,,,,,,,,,,,,,,,,,,,
11/14/2022,Sell to open,CF221223C00116000,-1.0,3.3,330.0,1.0,328.99,0.0,,,,,,,,,,,,,,,,,,,,,,,,,,,,,,,,,,,,
11/14/2022,Sell to open,CRWD221223P00120000,-1.0,4.1,410.0,1.0,408.99,0.0,,,,,,,,,,,,,,,,,,,,,,,,,,,,,,,,,,,,
11/14/2022,Sell to open,DDOG221223P00070000,-2.0,3.15,630.0,2.0,627.99,0.0,,,,,,,,,,,,,,,,,,,,,,,,,,,,,,,,,,,,
11/14/2022,Buy to close,DVN221202P00065000,2.0,0.6,-120.0,2.0,-122.0,0.0,,,,,,,,,,,,,,,,,,,,,,,,,,,,,,,,,,,,
11/14/2022,Sell to open,EPD230120P00026000,-7.0,1.32,924.0,7.0,916.98,0.0,,,,,,,,,,,,,,,,,,,,,,,,,,,,,,,,,,,,
11/14/2022,Sell to open,GSL221216P00017500,-6.0,0.6,360.0,6.0,353.99,0.0,,,,,,,,,,,,,,,,,,,,,,,,,,,,,,,,,,,,
11/14/2022,Sell to open,MRNA221216P00160000,-1.0,5.1,510.0,1.0,508.99,0.0,,,,,,,,,,,,,,,,,,,,,,,,,,,,,,,,,,,,
11/11/2022,Assignment,AMZN221111P00103000,1.0,0.0,0.0,0.0,0.0,0.0,,,,,,,,,,,,,,,,,,,,,,,,,,,,,,,,,,,,
11/11/2022,Buy to close,CF221125C00111000,1.0,0.95,-95.0,1.0,-96.0,0.0,,,,,,,,,,,,,,,,,,,,,,,,,,,,,,,,,,,,
11/11/2022,Sell to open,CRWD221223P00125000,-1.0,5.3,530.0,1.0,528.99,0.0,,,,,,,,,,,,,,,,,,,,,,,,,,,,,,,,,,,,
11/11/2022,Buy to close,DDOG221202P00068000,1.0,0.94,-94.0,1.0,-95.0,0.0,,,,,,,,,,,,,,,,,,,,,,,,,,,,,,,,,,,,
11/11/2022,Sell to open,ET230120P00014000,-7.0,1.9100000000000001,1337.0,7.0,1329.97,0.0,,,,,,,,,,,,,,,,,,,,,,,,,,,,,,,,,,,,
11/11/2022,Expired,GOOGL221111P00094000,2.0,0.0,0.0,0.0,0.0,0.0,,,,,,,,,,,,,,,,,,,,,,,,,,,,,,,,,,,,
11/11/2022,Buy to close,GOOGL221223P00091000,3.0,2.09,-627.0,3.0,-630.0,0.0,,,,,,,,,,,,,,,,,,,,,,,,,,,,,,,,,,,,
11/11/2022,Sell to open,GOOGL221223P00091000,-2.0,2.05,410.0,2.0,407.99,0.0,,,,,,,,,,,,,,,,,,,,,,,,,,,,,,,,,,,,
11/11/2022,Sell to open,GOOGL221223P00091000,-3.0,2.1,630.0,3.0,626.99,0.0,,,,,,,,,,,,,,,,,,,,,,,,,,,,,,,,,,,,
11/11/2022,Sell to open,LRCX230120P00440000,-1.0,16.7,1670.0,1.0,1668.96,0.0,,,,,,,,,,,,,,,,,,,,,,,,,,,,,,,,,,,,
11/11/2022,Buy to close,MU221209P00051000,2.0,0.35,-70.0,2.0,-72.0,0.0,,,,,,,,,,,,,,,,,,,,,,,,,,,,,,,,,,,,
11/11/2022,Buy to close,QCOM221216P00105000,1.0,1.41,-141.0,1.0,-142.0,0.0,,,,,,,,,,,,,,,,,,,,,,,,,,,,,,,,,,,,
11/11/2022,Buy to close,WSM221216P00105000,1.0,1.65,-165.0,1.0,-166.0,0.0,,,,,,,,,,,,,,,,,,,,,,,,,,,,,,,,,,,,
11/10/2022,Buy to close,AVGO221209P00440000,1.0,5.6,-560.0,1.0,-561.0,0.0,,,,,,,,,,,,,,,,,,,,,,,,,,,,,,,,,,,,
11/10/2022,Buy to close,BIIB221118P00255000,1.0,1.55,-155.0,1.0,-156.0,0.0,,,,,,,,,,,,,,,,,,,,,,,,,,,,,,,,,,,,
11/10/2022,Buy to close,BIIB221125P00230000,1.0,1.0,-100.0,1.0,-101.0,0.0,,,,,,,,,,,,,,,,,,,,,,,,,,,,,,,,,,,,
11/10/2022,Sell to open,BIIB221209P00265000,-1.0,8.1,810.0,1.0,808.98,0.0,,,,,,,,,,,,,,,,,,,,,,,,,,,,,,,,,,,,
11/10/2022,Buy to close,CF221202P00093000,1.0,0.75,-75.0,1.0,-76.0,0.0,,,,,,,,,,,,,,,,,,,,,,,,,,,,,,,,,,,,
11/10/2022,Sell to open,CF221216P00097500,-1.0,2.65,265.0,1.0,263.99,0.0,,,,,,,,,,,,,,,,,,,,,,,,,,,,,,,,,,,,
11/10/2022,Buy to close,DDOG221202P00060000,1.0,0.51,-51.0,1.0,-52.0,0.0,,,,,,,,,,,,,,,,,,,,,,,,,,,,,,,,,,,,
11/10/2022,Buy to close,GOOGL221216P00079000,1.0,0.52,-52.0,1.0,-53.0,0.0,,,,,,,,,,,,,,,,,,,,,,,,,,,,,,,,,,,,
11/10/2022,Sell to open,GOOGL221216P00088000,-2.0,2.01,402.0,2.0,399.99,0.0,,,,,,,,,,,,,,,,,,,,,,,,,,,,,,,,,,,,
11/10/2022,Sell to open,GOOGL221223P00091000,-3.0,3.15,945.0,3.0,941.98,0.0,,,,,,,,,,,,,,,,,,,,,,,,,,,,,,,,,,,,
11/10/2022,Buy to close,LRCX221216P00385000,1.0,5.5,-550.0,1.0,-551.0,0.0,,,,,,,,,,,,,,,,,,,,,,,,,,,,,,,,,,,,
11/10/2022,Buy to close,LRCX221216P00405000,1.0,8.15,-815.0,1.0,-816.0,0.0,,,,,,,,,,,,,,,,,,,,,,,,,,,,,,,,,,,,
11/10/2022,Buy to close,MPW221216P00010000,10.0,0.3,-300.0,10.0,-310.0,0.0,,,,,,,,,,,,,,,,,,,,,,,,,,,,,,,,,,,,
11/10/2022,Sell to open,MPW221223P00010500,-7.0,0.4,280.0,7.0,272.99,0.0,,,,,,,,,,,,,,,,,,,,,,,,,,,,,,,,,,,,
11/10/2022,Buy to close,MRNA221216P00145000,1.0,4.8,-480.0,1.0,-481.0,0.0,,,,,,,,,,,,,,,,,,,,,,,,,,,,,,,,,,,,
11/10/2022,Sell to open,MRNA221223P00145000,-1.0,5.5,550.0,1.0,548.99,0.0,,,,,,,,,,,,,,,,,,,,,,,,,,,,,,,,,,,,
11/10/2022,Buy to close,ON221202P00060000,2.0,0.45,-90.0,2.0,-92.0,0.0,,,,,,,,,,,,,,,,,,,,,,,,,,,,,,,,,,,,
11/10/2022,Sell to open,SBLK221216P00017000,-6.0,0.95,570.0,6.0,563.99,0.0,,,,,,,,,,,,,,,,,,,,,,,,,,,,,,,,,,,,
11/10/2022,Buy to close,WSM221118P00110000,1.0,0.95,-95.0,1.0,-96.0,0.0,,,,,,,,,,,,,,,,,,,,,,,,,,,,,,,,,,,,
11/10/2022,Sell to open,ZIM221216P00020500,-7.0,1.3,910.0,7.0,902.98,0.0,,,,,,,,,,,,,,,,,,,,,,,,,,,,,,,,,,,,
11/09/2022,Buy to close,GSL221118P00017500,3.0,0.4,-120.0,3.0,-123.0,0.0,,,,,,,,,,,,,,,,,,,,,,,,,,,,,,,,,,,,
11/09/2022,Sell to open,VGT221216C00335000,-2.0,4.8,960.0,2.0,957.98,0.0,,,,,,,,,,,,,,,,,,,,,,,,,,,,,,,,,,,,
11/09/2022,Buy to close,WSM221118C00130000,4.0,1.4,-560.0,4.0,-564.0,0.0,,,,,,,,,,,,,,,,,,,,,,,,,,,,,,,,,,,,
11/09/2022,Sell to open,WSM221216C00130000,-4.0,3.6,1440.0,4.0,1435.97,0.0,,,,,,,,,,,,,,,,,,,,,,,,,,,,,,,,,,,,
11/09/2022,Buy to close,WSM221216C00135000,2.0,2.65,-530.0,2.0,-532.0,0.0,,,,,,,,,,,,,,,,,,,,,,,,,,,,,,,,,,,,
11/09/2022,Sell to open,WSM230120C00135000,-2.0,4.5,900.0,2.0,897.98,0.0,,,,,,,,,,,,,,,,,,,,,,,,,,,,,,,,,,,,
11/08/2022,Buy to close,CF221111P00100000,1.0,0.33,-33.0,1.0,-34.0,0.0,,,,,,,,,,,,,,,,,,,,,,,,,,,,,,,,,,,,
11/08/2022,Assignment,ET230120P00015000,5.0,0.0,0.0,0.0,0.0,0.0,,,,,,,,,,,,,,,,,,,,,,,,,,,,,,,,,,,,
11/08/2022,Sell to open,LRCX221216P00405000,-1.0,12.5,1250.0,1.0,1248.97,0.0,,,,,,,,,,,,,,,,,,,,,,,,,,,,,,,,,,,,
11/08/2022,Sell to open,MPW221223P00010000,-12.0,0.4,480.0,12.0,467.99,0.0,,,,,,,,,,,,,,,,,,,,,,,,,,,,,,,,,,,,
11/08/2022,Buy to open,MRNA221202P00129000,2.0,1.15,-230.0,2.0,-232.0,0.0,,,,,,,,,,,,,,,,,,,,,,,,,,,,,,,,,,,,
11/08/2022,Sell to close,MRNA221202P00129000,-4.0,1.05,420.0,4.0,415.99,0.0,,,,,,,,,,,,,,,,,,,,,,,,,,,,,,,,,,,,
11/08/2022,Buy to close,MRNA221202P00137000,1.0,2.05,-205.0,1.0,-206.0,0.0,,,,,,,,,,,,,,,,,,,,,,,,,,,,,,,,,,,,
11/08/2022,Sell to open,MRNA221216P00145000,-1.0,5.9,590.0,1.0,588.99,0.0,,,,,,,,,,,,,,,,,,,,,,,,,,,,,,,,,,,,
11/08/2022,Sell to open,MSFT221216P00215000,-2.0,4.5,900.0,2.0,897.98,0.0,,,,,,,,,,,,,,,,,,,,,,,,,,,,,,,,,,,,
11/08/2022,Buy to close,ON221202P00055000,1.0,0.55,-55.0,1.0,-56.0,0.0,,,,,,,,,,,,,,,,,,,,,,,,,,,,,,,,,,,,
11/08/2022,Sell to open,ON221202P00060000,-2.0,1.25,250.0,2.0,247.99,0.0,,,,,,,,,,,,,,,,,,,,,,,,,,,,,,,,,,,,
11/08/2022,Buy to close,QCOM221118P00105000,1.0,1.04,-104.0,1.0,-105.0,0.0,,,,,,,,,,,,,,,,,,,,,,,,,,,,,,,,,,,,
11/08/2022,Sell to open,WSM221216P00105000,-1.0,3.4,340.0,1.0,338.99,0.0,,,,,,,,,,,,,,,,,,,,,,,,,,,,,,,,,,,,
11/07/2022,Sell to open,AVGO221209P00440000,-1.0,8.6,860.0,1.0,858.98,0.0,,,,,,,,,,,,,,,,,,,,,,,,,,,,,,,,,,,,
11/07/2022,Buy to close,CRWD221202C00165000,2.0,0.83,-166.0,2.0,-168.0,0.0,,,,,,,,,,,,,,,,,,,,,,,,,,,,,,,,,,,,
11/07/2022,Buy to close,LRCX221202P00355000,1.0,2.55,-255.0,1.0,-256.0,0.0,,,,,,,,,,,,,,,,,,,,,,,,,,,,,,,,,,,,
11/07/2022,Sell to open,LRCX221216P00385000,-1.0,9.75,975.0,1.0,973.98,0.0,,,,,,,,,,,,,,,,,,,,,,,,,,,,,,,,,,,,
11/07/2022,Sell to open,MU221209P00051000,-2.0,1.04,208.0,2.0,206.0,0.0,,,,,,,,,,,,,,,,,,,,,,,,,,,,,,,,,,,,
11/07/2022,Buy to close,XOM221216P00105000,1.0,1.97,-197.0,1.0,-198.0,0.0,,,,,,,,,,,,,,,,,,,,,,,,,,,,,,,,,,,,
11/04/2022,Sell to open,CRM221202C00150000,-2.0,3.75,750.0,2.0,747.98,0.0,,,,,,,,,,,,,,,,,,,,,,,,,,,,,,,,,,,,
11/04/2022,Sell to open,DDOG221202P00060000,-1.0,1.73,173.0,1.0,172.0,0.0,,,,,,,,,,,,,,,,,,,,,,,,,,,,,,,,,,,,
11/04/2022,Sell to open,DVN221209P00065000,-1.0,2.19,219.0,1.0,217.99,0.0,,,,,,,,,,,,,,,,,,,,,,,,,,,,,,,,,,,,
11/04/2022,Sell to open,GOOGL221216P00079000,-1.0,1.8399999999999999,184.0,1.0,183.0,0.0,,,,,,,,,,,,,,,,,,,,,,,,,,,,,,,,,,,,
11/04/2022,Sell to open,MPW221209P00010000,-5.0,0.4,200.0,5.0,195.0,0.0,,,,,,,,,,,,,,,,,,,,,,,,,,,,,,,,,,,,
11/04/2022,Buy to open,MRNA221202P00129000,2.0,2.15,-430.0,2.0,-432.0,0.0,,,,,,,,,,,,,,,,,,,,,,,,,,,,,,,,,,,,
11/04/2022,Sell to open,NVDA221209C00155000,-1.0,5.13,513.0,1.0,511.99,0.0,,,,,,,,,,,,,,,,,,,,,,,,,,,,,,,,,,,,
11/04/2022,Sell to open,OKTA221202C00053000,-5.0,1.9,950.0,5.0,944.98,0.0,,,,,,,,,,,,,,,,,,,,,,,,,,,,,,,,,,,,
11/03/2022,Sell to open,AMD221202C00067000,-2.0,1.49,298.0,2.0,295.99,0.0,,,,,,,,,,,,,,,,,,,,,,,,,,,,,,,,,,,,
11/03/2022,Buy to close,AVGO221125C00480000,2.0,3.2,-640.0,2.0,-642.0,0.0,,,,,,,,,,,,,,,,,,,,,,,,,,,,,,,,,,,,
11/03/2022,Sell to open,AVGO221209C00485000,-2.0,8.8,1760.0,2.0,1757.96,0.0,,,,,,,,,,,,,,,,,,,,,,,,,,,,,,,,,,,,
11/03/2022,Sell to open,BNTX221216C00160000,-1.0,6.6,660.0,1.0,658.98,0.0,,,,,,,,,,,,,,,,,,,,,,,,,,,,,,,,,,,,
11/03/2022,Buy to close,CRM221118C00165000,2.0,0.65,-130.0,2.0,-132.0,0.0,,,,,,,,,,,,,,,,,,,,,,,,,,,,,,,,,,,,
11/03/2022,Sell to open,CRWD221202C00165000,-2.0,3.4,680.0,2.0,677.98,0.0,,,,,,,,,,,,,,,,,,,,,,,,,,,,,,,,,,,,
11/03/2022,Buy to close,CRWD221202C00175000,1.0,2.25,-225.0,1.0,-226.0,0.0,,,,,,,,,,,,,,,,,,,,,,,,,,,,,,,,,,,,
11/03/2022,Sell to open,CRWD221216P00120000,-1.0,4.25,425.0,1.0,423.99,0.0,,,,,,,,,,,,,,,,,,,,,,,,,,,,,,,,,,,,
11/03/2022,Sell to open,DDOG221202P00068000,-1.0,2.69,269.0,1.0,267.99,0.0,,,,,,,,,,,,,,,,,,,,,,,,,,,,,,,,,,,,
11/03/2022,Buy to close,DDOG221216C00095000,2.0,2.15,-430.0,2.0,-432.0,0.0,,,,,,,,,,,,,,,,,,,,,,,,,,,,,,,,,,,,
11/03/2022,Sell to open,DVN221202P00065000,-2.0,1.6,320.0,2.0,317.99,0.0,,,,,,,,,,,,,,,,,,,,,,,,,,,,,,,,,,,,
11/03/2022,Sell to open,DVN221209C00076000,-3.0,2.1,630.0,3.0,626.99,0.0,,,,,,,,,,,,,,,,,,,,,,,,,,,,,,,,,,,,
11/03/2022,Buy to close,EXPE221125C00106000,1.0,1.25,-125.0,1.0,-126.0,0.0,,,,,,,,,,,,,,,,,,,,,,,,,,,,,,,,,,,,
11/03/2022,Sell to open,EXPE221202C00100000,-1.0,2.75,275.0,1.0,273.99,0.0,,,,,,,,,,,,,,,,,,,,,,,,,,,,,,,,,,,,
11/03/2022,Buy to close,FYBR221216C00025000,3.0,0.15,-45.0,3.0,-48.0,0.0,,,,,,,,,,,,,,,,,,,,,,,,,,,,,,,,,,,,
11/03/2022,Buy to close,IPI221118C00048000,2.0,0.15,-30.0,2.0,-32.0,0.0,,,,,,,,,,,,,,,,,,,,,,,,,,,,,,,,,,,,
11/03/2022,Buy to close,MU221118C00057500,5.0,0.45,-225.0,5.0,-230.0,0.0,,,,,,,,,,,,,,,,,,,,,,,,,,,,,,,,,,,,
11/03/2022,Buy to close,OKTA221202C00065000,5.0,1.05,-525.0,5.0,-530.0,0.0,,,,,,,,,,,,,,,,,,,,,,,,,,,,,,,,,,,,
11/03/2022,Sell to open,ON221202P00055000,-1.0,1.8,180.0,1.0,179.0,0.0,,,,,,,,,,,,,,,,,,,,,,,,,,,,,,,,,,,,
11/03/2022,Sell to open,ON221216C00065000,-1.0,2.9699999999999998,297.0,1.0,295.99,0.0,,,,,,,,,,,,,,,,,,,,,,,,,,,,,,,,,,,,
11/02/2022,Sell to open,AMD221216C00070000,-2.0,1.75,350.0,2.0,347.99,0.0,,,,,,,,,,,,,,,,,,,,,,,,,,,,,,,,,,,,
11/02/2022,Buy to close,ARNC221118C00023000,3.0,0.1,-30.0,3.0,-33.0,0.0,,,,,,,,,,,,,,,,,,,,,,,,,,,,,,,,,,,,
11/02/2022,Buy to close,AVGO221104P00450000,1.0,0.75,-75.0,1.0,-76.0,0.0,,,,,,,,,,,,,,,,,,,,,,,,,,,,,,,,,,,,
11/02/2022,Buy to close,CRWD221202C00180000,1.0,3.0,-300.0,1.0,-301.0,0.0,,,,,,,,,,,,,,,,,,,,,,,,,,,,,,,,,,,,
11/02/2022,Buy to close,DVN221104C00070000,2.0,0.22,-44.0,2.0,-46.0,0.0,,,,,,,,,,,,,,,,,,,,,,,,,,,,,,,,,,,,
11/02/2022,Sell to open,IPI221216P00036000,-2.0,1.3,260.0,2.0,257.99,0.0,,,,,,,,,,,,,,,,,,,,,,,,,,,,,,,,,,,,
11/02/2022,Buy to close,MRNA221202P00129000,1.0,3.55,-355.0,1.0,-356.0,0.0,,,,,,,,,,,,,,,,,,,,,,,,,,,,,,,,,,,,
11/02/2022,Sell to open,MRNA221202P00137000,-1.0,5.2,520.0,1.0,518.99,0.0,,,,,,,,,,,,,,,,,,,,,,,,,,,,,,,,,,,,
11/02/2022,Buy to close,OKTA221125C00062000,5.0,0.65,-325.0,5.0,-330.0,0.0,,,,,,,,,,,,,,,,,,,,,,,,,,,,,,,,,,,,
11/02/2022,Sell to open,OKTA221202P00046000,-2.0,2.1,420.0,2.0,417.99,0.0,,,,,,,,,,,,,,,,,,,,,,,,,,,,,,,,,,,,
11/02/2022,Buy to close,ON221118C00070000,1.0,0.45,-45.0,1.0,-46.0,0.0,,,,,,,,,,,,,,,,,,,,,,,,,,,,,,,,,,,,
11/02/2022,Sell to open,WSM221118P00110000,-1.0,2.6,260.0,1.0,258.99,0.0,,,,,,,,,,,,,,,,,,,,,,,,,,,,,,,,,,,,
11/01/2022,Sell to open,DAC230120P00055000,-2.0,4.4,880.0,2.0,877.98,0.0,,,,,,,,,,,,,,,,,,,,,,,,,,,,,,,,,,,,
11/01/2022,Sell to open,FLNG230217P00029500,-2.0,2.75,550.0,2.0,547.99,0.0,,,,,,,,,,,,,,,,,,,,,,,,,,,,,,,,,,,,
11/01/2022,Sell to open,LRCX221209C00450000,-2.0,11.85,2370.0,2.0,2367.95,0.0,,,,,,,,,,,,,,,,,,,,,,,,,,,,,,,,,,,,
10/31/2022,Sell to open,BIIB221118P00255000,-1.0,4.5,450.0,1.0,448.99,0.0,,,,,,,,,,,,,,,,,,,,,,,,,,,,,,,,,,,,
10/31/2022,Buy to close,CF221111P00093000,1.0,0.8,-80.0,1.0,-81.0,0.0,,,,,,,,,,,,,,,,,,,,,,,,,,,,,,,,,,,,
10/31/2022,Sell to open,DVN230120P00085000,-2.0,11.95,2390.0,2.0,2387.95,0.0,,,,,,,,,,,,,,,,,,,,,,,,,,,,,,,,,,,,
10/31/2022,Sell to open,OKTA221202C00065000,-5.0,2.3,1150.0,5.0,1144.97,0.0,,,,,,,,,,,,,,,,,,,,,,,,,,,,,,,,,,,,
10/31/2022,Sell to open,SNOW221209P00130000,-2.0,5.0,1000.0,2.0,997.98,0.0,,,,,,,,,,,,,,,,,,,,,,,,,,,,,,,,,,,,
10/31/2022,Buy to close,XOM221216P00105000,2.0,2.71,-542.0,2.0,-544.0,0.0,,,,,,,,,,,,,,,,,,,,,,,,,,,,,,,,,,,,
10/28/2022,Sell to open,BIIB221216P00250000,-1.0,7.9,790.0,1.0,788.98,0.0,,,,,,,,,,,,,,,,,,,,,,,,,,,,,,,,,,,,
10/28/2022,Buy to close,CF221111P00096000,1.0,1.1,-110.0,1.0,-111.0,0.0,,,,,,,,,,,,,,,,,,,,,,,,,,,,,,,,,,,,
10/28/2022,Sell to open,CF221111P00100000,-1.0,2.4,240.0,1.0,238.99,0.0,,,,,,,,,,,,,,,,,,,,,,,,,,,,,,,,,,,,
10/28/2022,Sell to open,CF221202P00093000,-1.0,2.25,225.0,1.0,223.99,0.0,,,,,,,,,,,,,,,,,,,,,,,,,,,,,,,,,,,,
10/28/2022,Assignment,DDOG221028P00085000,1.0,0.0,0.0,0.0,0.0,0.0,,,,,,,,,,,,,,,,,,,,,,,,,,,,,,,,,,,,
10/28/2022,Assignment,DVN221028C00066000,2.0,0.0,0.0,0.0,0.0,0.0,,,,,,,,,,,,,,,,,,,,,,,,,,,,,,,,,,,,
10/28/2022,Sell to open,DVN221202P00071000,-5.0,2.85,1425.0,5.0,1419.97,0.0,,,,,,,,,,,,,,,,,,,,,,,,,,,,,,,,,,,,
10/28/2022,Buy to close,MRNA221118P00120000,1.0,2.15,-215.0,1.0,-216.0,0.0,,,,,,,,,,,,,,,,,,,,,,,,,,,,,,,,,,,,
10/28/2022,Assignment,MSFT221028P00240000,1.0,0.0,0.0,0.0,0.0,0.0,,,,,,,,,,,,,,,,,,,,,,,,,,,,,,,,,,,,
10/27/2022,Sell to open,AVGO221216C00500000,-1.0,10.4,1040.0,1.0,1038.98,0.0,,,,,,,,,,,,,,,,,,,,,,,,,,,,,,,,,,,,
10/27/2022,Buy to close,CAT221125P00170000,1.0,0.47,-47.0,1.0,-48.0,0.0,,,,,,,,,,,,,,,,,,,,,,,,,,,,,,,,,,,,
10/27/2022,Sell to open,DVN221202P00073000,-3.0,2.55,765.0,3.0,761.98,0.0,,,,,,,,,,,,,,,,,,,,,,,,,,,,,,,,,,,,
10/27/2022,Sell to open,LRCX221202P00355000,-1.0,10.95,1095.0,1.0,1093.97,0.0,,,,,,,,,,,,,,,,,,,,,,,,,,,,,,,,,,,,
10/27/2022,Sell to open,MRNA221202P00129000,-1.0,5.95,595.0,1.0,593.99,0.0,,,,,,,,,,,,,,,,,,,,,,,,,,,,,,,,,,,,
10/26/2022,Buy to close,DVN221125P00063000,2.0,0.7,-140.0,2.0,-142.0,0.0,,,,,,,,,,,,,,,,,,,,,,,,,,,,,,,,,,,,
10/26/2022,Sell to open,DVN221125P00069000,-3.0,1.5899999999999999,477.0,3.0,473.99,0.0,,,,,,,,,,,,,,,,,,,,,,,,,,,,,,,,,,,,
10/26/2022,Buy to close,FLNG221216P00029500,3.0,1.4,-420.0,3.0,-423.0,0.0,,,,,,,,,,,,,,,,,,,,,,,,,,,,,,,,,,,,
10/26/2022,Buy to close,LRCX221028P00355000,1.0,0.65,-65.0,1.0,-66.0,0.0,,,,,,,,,,,,,,,,,,,,,,,,,,,,,,,,,,,,
10/26/2022,Buy to close,MA221028P00285000,2.0,0.35,-70.0,2.0,-72.0,0.0,,,,,,,,,,,,,,,,,,,,,,,,,,,,,,,,,,,,
10/25/2022,Sell to open,CRWD221202C00180000,-1.0,6.2,620.0,1.0,618.99,0.0,,,,,,,,,,,,,,,,,,,,,,,,,,,,,,,,,,,,
10/25/2022,Buy to close,DHI221104P00066000,3.0,0.45,-135.0,3.0,-138.0,0.0,,,,,,,,,,,,,,,,,,,,,,,,,,,,,,,,,,,,
10/25/2022,Sell to open,DVN221202P00069000,-2.0,2.6,520.0,2.0,517.99,0.0,,,,,,,,,,,,,,,,,,,,,,,,,,,,,,,,,,,,
10/25/2022,Buy to close,MA221111P00280000,1.0,2.45,-245.0,1.0,-246.0,0.0,,,,,,,,,,,,,,,,,,,,,,,,,,,,,,,,,,,,
10/25/2022,Sell to open,MGA221118C00057500,-1.0,0.96,96.0,1.0,95.0,0.0,,,,,,,,,,,,,,,,,,,,,,,,,,,,,,,,,,,,
10/25/2022,Sell to open,MPW221216P00010000,-10.0,0.95,950.0,10.0,939.98,0.0,,,,,,,,,,,,,,,,,,,,,,,,,,,,,,,,,,,,
10/25/2022,Buy to close,MSFT221111P00220000,2.0,1.65,-330.0,2.0,-332.0,0.0,,,,,,,,,,,,,,,,,,,,,,,,,,,,,,,,,,,,
10/25/2022,Sell to open,PII221216C00105000,-1.0,2.35,235.0,1.0,233.99,0.0,,,,,,,,,,,,,,,,,,,,,,,,,,,,,,,,,,,,
10/25/2022,Buy to close,SNOW221118P00150000,1.0,3.3,-330.0,1.0,-331.0,0.0,,,,,,,,,,,,,,,,,,,,,,,,,,,,,,,,,,,,
10/25/2022,Sell to open,WSM221216C00135000,-2.0,5.0,1000.0,2.0,997.98,0.0,,,,,,,,,,,,,,,,,,,,,,,,,,,,,,,,,,,,
10/24/2022,Sell to open,AIG221118C00057500,-2.0,1.01,202.0,2.0,200.0,0.0,,,,,,,,,,,,,,,,,,,,,,,,,,,,,,,,,,,,
10/24/2022,Buy to close,DVN221111P00063000,2.0,0.58,-116.0,2.0,-118.0,0.0,,,,,,,,,,,,,,,,,,,,,,,,,,,,,,,,,,,,
10/24/2022,Buy to close,FYBR221118C00025000,1.0,0.3,-30.0,1.0,-31.0,0.0,,,,,,,,,,,,,,,,,,,,,,,,,,,,,,,,,,,,
10/24/2022,Buy to close,FYBR221118C00025000,15.0,0.35,-525.0,15.0,-540.0,0.0,,,,,,,,,,,,,,,,,,,,,,,,,,,,,,,,,,,,
10/24/2022,Sell to open,FYBR221216C00025000,-16.0,0.55,880.0,16.0,863.98,0.0,,,,,,,,,,,,,,,,,,,,,,,,,,,,,,,,,,,,
10/24/2022,Buy to close,JPM221104P00100000,2.0,0.05,-10.0,2.0,-12.0,0.0,,,,,,,,,,,,,,,,,,,,,,,,,,,,,,,,,,,,
10/24/2022,Sell to open,NVDA221125C00140000,-1.0,4.15,415.0,1.0,413.99,0.0,,,,,,,,,,,,,,,,,,,,,,,,,,,,,,,,,,,,
10/24/2022,Sell to open,OKTA221125C00062000,-5.0,1.8,900.0,5.0,894.98,0.0,,,,,,,,,,,,,,,,,,,,,,,,,,,,,,,,,,,,
10/24/2022,Sell to open,QCOM221216P00105000,-1.0,4.75,475.0,1.0,473.99,0.0,,,,,,,,,,,,,,,,,,,,,,,,,,,,,,,,,,,,
10/24/2022,Sell to open,SNOW221202P00150000,-1.0,8.1,810.0,1.0,808.98,0.0,,,,,,,,,,,,,,,,,,,,,,,,,,,,,,,,,,,,
10/24/2022,Sell to open,WSM221118C00130000,-4.0,2.6,1040.0,4.0,1035.98,0.0,,,,,,,,,,,,,,,,,,,,,,,,,,,,,,,,,,,,
10/24/2022,Sell to open,XOM221125C00112000,-2.0,2.12,424.0,2.0,421.99,0.0,,,,,,,,,,,,,,,,,,,,,,,,,,,,,,,,,,,,
10/21/2022,Assignment,ARNC221021P00023000,6.0,0.0,0.0,0.0,0.0,0.0,,,,,,,,,,,,,,,,,,,,,,,,,,,,,,,,,,,,
10/21/2022,Sell to open,ARNC221118C00023000,-3.0,0.65,195.0,3.0,192.0,0.0,,,,,,,,,,,,,,,,,,,,,,,,,,,,,,,,,,,,
10/21/2022,Assignment,AVGO221021P00500000,1.0,0.0,0.0,0.0,0.0,0.0,,,,,,,,,,,,,,,,,,,,,,,,,,,,,,,,,,,,
10/21/2022,Sell to open,AVGO221125C00470000,-1.0,9.4,940.0,1.0,938.98,0.0,,,,,,,,,,,,,,,,,,,,,,,,,,,,,,,,,,,,
10/21/2022,Sell to open,AVGO221125C00480000,-2.0,8.3,1660.0,2.0,1657.96,0.0,,,,,,,,,,,,,,,,,,,,,,,,,,,,,,,,,,,,
10/21/2022,Assignment,BIIB221021C00245000,1.0,0.0,0.0,0.0,0.0,0.0,,,,,,,,,,,,,,,,,,,,,,,,,,,,,,,,,,,,
10/21/2022,Assignment,BNTX221021P00150000,1.0,0.0,0.0,0.0,0.0,0.0,,,,,,,,,,,,,,,,,,,,,,,,,,,,,,,,,,,,
10/21/2022,Buy to close,CF221104P00089000,1.0,0.65,-65.0,1.0,-66.0,0.0,,,,,,,,,,,,,,,,,,,,,,,,,,,,,,,,,,,,
10/21/2022,Sell to open,CRWD221202C00175000,-1.0,4.5,450.0,1.0,448.99,0.0,,,,,,,,,,,,,,,,,,,,,,,,,,,,,,,,,,,,
10/21/2022,Buy to close,DVN221104P00065000,2.0,0.65,-130.0,2.0,-132.0,0.0,,,,,,,,,,,,,,,,,,,,,,,,,,,,,,,,,,,,
10/21/2022,Sell to open,IPI221118C00048000,-2.0,2.7,540.0,2.0,537.99,0.0,,,,,,,,,,,,,,,,,,,,,,,,,,,,,,,,,,,,
10/21/2022,Sell to open,MRNA221202C00150000,-2.0,5.19,1038.0,2.0,1035.98,0.0,,,,,,,,,,,,,,,,,,,,,,,,,,,,,,,,,,,,
10/21/2022,Buy to close,MU221021P00055000,1.0,0.1,-10.0,1.0,-11.0,0.0,,,,,,,,,,,,,,,,,,,,,,,,,,,,,,,,,,,,
10/21/2022,Sell to open,NRG221118C00044000,-3.0,0.85,255.0,3.0,251.99,0.0,,,,,,,,,,,,,,,,,,,,,,,,,,,,,,,,,,,,
10/21/2022,Sell to open,ON221118C00070000,-1.0,2.55,255.0,1.0,253.99,0.0,,,,,,,,,,,,,,,,,,,,,,,,,,,,,,,,,,,,
10/21/2022,Buy to close,RTX221028P00081000,1.0,0.2,-20.0,1.0,-21.0,0.0,,,,,,,,,,,,,,,,,,,,,,,,,,,,,,,,,,,,
10/21/2022,Expired,SNOW221021P00175000,1.0,0.0,0.0,0.0,0.0,0.0,,,,,,,,,,,,,,,,,,,,,,,,,,,,,,,,,,,,
10/21/2022,Assignment,WSM221021P00130000,1.0,0.0,0.0,0.0,0.0,0.0,,,,,,,,,,,,,,,,,,,,,,,,,,,,,,,,,,,,
10/21/2022,Assignment,WSM221021P00140000,1.0,0.0,0.0,0.0,0.0,0.0,,,,,,,,,,,,,,,,,,,,,,,,,,,,,,,,,,,,
10/20/2022,Buy to close,CAT221111P00165000,2.0,1.75,-350.0,2.0,-352.0,0.0,,,,,,,,,,,,,,,,,,,,,,,,,,,,,,,,,,,,
10/20/2022,Sell to open,CF221125C00111000,-1.0,4.5,450.0,1.0,448.99,0.0,,,,,,,,,,,,,,,,,,,,,,,,,,,,,,,,,,,,
10/20/2022,Sell to open,DDOG221216C00095000,-2.0,6.1,1220.0,2.0,1217.97,0.0,,,,,,,,,,,,,,,,,,,,,,,,,,,,,,,,,,,,
10/20/2022,Buy to close,ET221111P00010000,15.0,0.09,-135.0,15.0,-150.0,0.0,,,,,,,,,,,,,,,,,,,,,,,,,,,,,,,,,,,,
10/20/2022,Sell to open,EXPE221125C00106000,-1.0,3.95,395.0,1.0,393.99,0.0,,,,,,,,,,,,,,,,,,,,,,,,,,,,,,,,,,,,
10/20/2022,Buy to close,GOOGL221021P00098000,1.0,0.25,-25.0,1.0,-26.0,0.0,,,,,,,,,,,,,,,,,,,,,,,,,,,,,,,,,,,,
10/20/2022,Buy to close,MSFT221104P00215000,1.0,1.45,-145.0,1.0,-146.0,0.0,,,,,,,,,,,,,,,,,,,,,,,,,,,,,,,,,,,,
10/20/2022,Sell to open,MSFT221216P00225000,-1.0,7.6,760.0,1.0,758.98,0.0,,,,,,,,,,,,,,,,,,,,,,,,,,,,,,,,,,,,
10/20/2022,Buy to close,WSM221118C00135000,1.0,1.85,-185.0,1.0,-186.0,0.0,,,,,,,,,,,,,,,,,,,,,,,,,,,,,,,,,,,,
10/20/2022,Buy to close,WSM221118C00140000,3.0,1.2,-360.0,3.0,-363.0,0.0,,,,,,,,,,,,,,,,,,,,,,,,,,,,,,,,,,,,
10/19/2022,Assignment,AVGO221021P00480000,1.0,0.0,0.0,0.0,0.0,0.0,,,,,,,,,,,,,,,,,,,,,,,,,,,,,,,,,,,,
10/19/2022,Sell to open,DAC221216P00060000,-3.0,6.7,2010.0,3.0,2006.95,0.0,,,,,,,,,,,,,,,,,,,,,,,,,,,,,,,,,,,,
10/19/2022,Sell to open,FLNG221216P00029500,-3.0,2.65,795.0,3.0,791.98,0.0,,,,,,,,,,,,,,,,,,,,,,,,,,,,,,,,,,,,
10/19/2022,Sell to open,GSL221118P00017500,-3.0,1.45,435.0,3.0,431.99,0.0,,,,,,,,,,,,,,,,,,,,,,,,,,,,,,,,,,,,
10/19/2022,Assignment,PII221021P00105000,1.0,0.0,0.0,0.0,0.0,0.0,,,,,,,,,,,,,,,,,,,,,,,,,,,,,,,,,,,,
10/18/2022,Buy to close,CAT221111P00155000,2.0,0.95,-190.0,2.0,-192.0,0.0,,,,,,,,,,,,,,,,,,,,,,,,,,,,,,,,,,,,
10/18/2022,Sell to open,CAT221125P00170000,-1.0,4.5,450.0,1.0,448.99,0.0,,,,,,,,,,,,,,,,,,,,,,,,,,,,,,,,,,,,
10/18/2022,Sell to open,CF221111P00093000,-1.0,2.75,275.0,1.0,273.99,0.0,,,,,,,,,,,,,,,,,,,,,,,,,,,,,,,,,,,,
10/18/2022,Sell to open,DDOG221125P00072000,-1.0,3.9,390.0,1.0,388.99,0.0,,,,,,,,,,,,,,,,,,,,,,,,,,,,,,,,,,,,
10/18/2022,Sell to open,DVN221125P00063000,-2.0,2.52,504.0,2.0,501.99,0.0,,,,,,,,,,,,,,,,,,,,,,,,,,,,,,,,,,,,
10/18/2022,Sell to open,QCOM221118P00105000,-1.0,4.36,436.0,1.0,434.99,0.0,,,,,,,,,,,,,,,,,,,,,,,,,,,,,,,,,,,,
10/18/2022,Sell to open,SNOW221125P00155000,-1.0,8.5,850.0,1.0,848.98,0.0,,,,,,,,,,,,,,,,,,,,,,,,,,,,,,,,,,,,
10/17/2022,Sell to open,AMZN221111P00103000,-1.0,2.82,282.0,1.0,280.99,0.0,,,,,,,,,,,,,,,,,,,,,,,,,,,,,,,,,,,,
10/17/2022,Buy to close,CF221104C00115000,1.0,0.85,-85.0,1.0,-86.0,0.0,,,,,,,,,,,,,,,,,,,,,,,,,,,,,,,,,,,,
10/17/2022,Buy to close,CRWD221118C00190000,2.0,1.38,-276.0,2.0,-278.0,0.0,,,,,,,,,,,,,,,,,,,,,,,,,,,,,,,,,,,,
10/17/2022,Buy to close,DDOG221028C00106000,1.0,0.1,-10.0,1.0,-11.0,0.0,,,,,,,,,,,,,,,,,,,,,,,,,,,,,,,,,,,,
10/17/2022,Sell to open,DVN221111P00063000,-2.0,1.87,374.0,2.0,371.99,0.0,,,,,,,,,,,,,,,,,,,,,,,,,,,,,,,,,,,,
10/17/2022,Buy to close,FYBR221021C00025000,16.0,0.1,-160.0,16.0,-176.0,0.0,,,,,,,,,,,,,,,,,,,,,,,,,,,,,,,,,,,,
10/17/2022,Sell to open,FYBR221118C00025000,-16.0,0.81,1296.0,16.0,1279.97,0.0,,,,,,,,,,,,,,,,,,,,,,,,,,,,,,,,,,,,
10/17/2022,Sell to open,GOOGL221111P00094000,-2.0,2.49,498.0,2.0,495.99,0.0,,,,,,,,,,,,,,,,,,,,,,,,,,,,,,,,,,,,
10/17/2022,Sell to open,MA221111P00280000,-1.0,6.8,680.0,1.0,678.98,0.0,,,,,,,,,,,,,,,,,,,,,,,,,,,,,,,,,,,,
10/17/2022,Sell to open,MRNA221118P00120000,-1.0,4.85,485.0,1.0,483.99,0.0,,,,,,,,,,,,,,,,,,,,,,,,,,,,,,,,,,,,
10/17/2022,Buy to close,SBLK221118C00024000,5.0,0.25,-125.0,5.0,-130.0,0.0,,,,,,,,,,,,,,,,,,,,,,,,,,,,,,,,,,,,
10/14/2022,Assignment,AVGO221014P00465000,1.0,0.0,0.0,0.0,0.0,0.0,,,,,,,,,,,,,,,,,,,,,,,,,,,,,,,,,,,,
10/14/2022,Expired,JPM221014P00109000,1.0,0.0,0.0,0.0,0.0,0.0,,,,,,,,,,,,,,,,,,,,,,,,,,,,,,,,,,,,
10/14/2022,Expired,JPM221014P00110000,1.0,0.0,0.0,0.0,0.0,0.0,,,,,,,,,,,,,,,,,,,,,,,,,,,,,,,,,,,,
10/14/2022,Expired,JPM221014P00111000,1.0,0.0,0.0,0.0,0.0,0.0,,,,,,,,,,,,,,,,,,,,,,,,,,,,,,,,,,,,
10/14/2022,Expired,MU221014P00050000,1.0,0.0,0.0,0.0,0.0,0.0,,,,,,,,,,,,,,,,,,,,,,,,,,,,,,,,,,,,
10/14/2022,Assignment,OKTA221014P00058000,1.0,0.0,0.0,0.0,0.0,0.0,,,,,,,,,,,,,,,,,,,,,,,,,,,,,,,,,,,,
10/14/2022,Assignment,UNP221014P00205000,1.0,0.0,0.0,0.0,0.0,0.0,,,,,,,,,,,,,,,,,,,,,,,,,,,,,,,,,,,,
10/13/2022,Buy to close,DVN221014P00067000,2.0,0.2,-40.0,2.0,-42.0,0.0,,,,,,,,,,,,,,,,,,,,,,,,,,,,,,,,,,,,
10/12/2022,Assignment,LRCX221021P00460000,1.0,0.0,0.0,0.0,0.0,0.0,,,,,,,,,,,,,,,,,,,,,,,,,,,,,,,,,,,,
10/11/2022,Buy to close,AMD221028C00071000,3.0,0.19,-57.0,3.0,-60.0,0.0,,,,,,,,,,,,,,,,,,,,,,,,,,,,,,,,,,,,
10/11/2022,Sell to open,ATCO221118C00015000,-10.0,0.25,250.0,10.0,239.99,0.0,,,,,,,,,,,,,,,,,,,,,,,,,,,,,,,,,,,,
10/11/2022,Buy to close,DVN221104P00058000,2.0,1.09,-218.0,2.0,-220.0,0.0,,,,,,,,,,,,,,,,,,,,,,,,,,,,,,,,,,,,
10/10/2022,Sell to open,BIIB221125P00230000,-1.0,5.9,590.0,1.0,588.99,0.0,,,,,,,,,,,,,,,,,,,,,,,,,,,,,,,,,,,,
10/10/2022,Sell to open,CF221111P00096000,-1.0,3.1,310.0,1.0,308.99,0.0,,,,,,,,,,,,,,,,,,,,,,,,,,,,,,,,,,,,
10/10/2022,Sell to open,DVN221104P00065000,-2.0,2.15,430.0,2.0,427.99,0.0,,,,,,,,,,,,,,,,,,,,,,,,,,,,,,,,,,,,
10/10/2022,Sell to open,MSFT221104P00215000,-1.0,4.63,463.0,1.0,461.99,0.0,,,,,,,,,,,,,,,,,,,,,,,,,,,,,,,,,,,,
10/07/2022,Sell to open,CF221104C00115000,-1.0,2.9,290.0,1.0,288.99,0.0,,,,,,,,,,,,,,,,,,,,,,,,,,,,,,,,,,,,
10/07/2022,Sell to open,CRM221118C00165000,-2.0,3.8,760.0,2.0,757.98,0.0,,,,,,,,,,,,,,,,,,,,,,,,,,,,,,,,,,,,
10/07/2022,Sell to open,CRWD221118C00190000,-2.0,5.95,1190.0,2.0,1187.97,0.0,,,,,,,,,,,,,,,,,,,,,,,,,,,,,,,,,,,,
10/07/2022,Sell to open,IRM221118C00050000,-2.0,1.05,210.0,2.0,208.0,0.0,,,,,,,,,,,,,,,,,,,,,,,,,,,,,,,,,,,,
10/07/2022,Sell to open,WSM221118C00135000,-1.0,4.3,430.0,1.0,428.99,0.0,,,,,,,,,,,,,,,,,,,,,,,,,,,,,,,,,,,,
10/07/2022,Sell to open,WSM221118C00140000,-3.0,3.2,960.0,3.0,956.98,0.0,,,,,,,,,,,,,,,,,,,,,,,,,,,,,,,,,,,,
10/07/2022,Assignment,AIG221007P00052000,2.0,0.0,0.0,0.0,0.0,0.0,,,,,,,,,,,,,,,,,,,,,,,,,,,,,,,,,,,,
10/07/2022,Assignment,AVGO221007P00485000,1.0,0.0,0.0,0.0,0.0,0.0,,,,,,,,,,,,,,,,,,,,,,,,,,,,,,,,,,,,
10/06/2022,Sell to open,DVN230120P00075000,-5.0,10.5,5250.0,5.0,5244.88,0.0,,,,,,,,,,,,,,,,,,,,,,,,,,,,,,,,,,,,
10/06/2022,Sell to open,ET230120P00015000,-5.0,3.7199999999999998,1860.0,5.0,1854.96,0.0,,,,,,,,,,,,,,,,,,,,,,,,,,,,,,,,,,,,
10/06/2022,Sell to open,XOM221216P00105000,-3.0,8.6,2580.0,3.0,2576.94,0.0,,,,,,,,,,,,,,,,,,,,,,,,,,,,,,,,,,,,
10/05/2022,Sell to open,AVGO221104P00450000,-1.0,10.8,1080.0,1.0,1078.98,0.0,,,,,,,,,,,,,,,,,,,,,,,,,,,,,,,,,,,,
10/05/2022,Sell to open,CAT221111P00165000,-2.0,4.5,900.0,2.0,897.98,0.0,,,,,,,,,,,,,,,,,,,,,,,,,,,,,,,,,,,,
10/05/2022,Buy to close,DHI221028P00064000,1.0,0.78,-78.0,1.0,-79.0,0.0,,,,,,,,,,,,,,,,,,,,,,,,,,,,,,,,,,,,
10/05/2022,Sell to open,DHI221104P00066000,-3.0,1.5,450.0,3.0,446.99,0.0,,,,,,,,,,,,,,,,,,,,,,,,,,,,,,,,,,,,
10/05/2022,Buy to close,DVN221007P00066000,1.0,0.43,-43.0,1.0,-44.0,0.0,,,,,,,,,,,,,,,,,,,,,,,,,,,,,,,,,,,,
10/05/2022,Buy to close,DVN221014P00061000,2.0,0.35,-70.0,2.0,-72.0,0.0,,,,,,,,,,,,,,,,,,,,,,,,,,,,,,,,,,,,
10/05/2022,Buy to close,DVN221028P00057000,2.0,0.59,-118.0,2.0,-120.0,0.0,,,,,,,,,,,,,,,,,,,,,,,,,,,,,,,,,,,,
10/05/2022,Sell to open,LRCX221028P00355000,-1.0,9.9,990.0,1.0,988.98,0.0,,,,,,,,,,,,,,,,,,,,,,,,,,,,,,,,,,,,
10/05/2022,Sell to open,MA221028P00285000,-2.0,5.5,1100.0,2.0,1097.97,0.0,,,,,,,,,,,,,,,,,,,,,,,,,,,,,,,,,,,,
10/05/2022,Buy to close,XOM221021P00087500,1.0,0.6,-60.0,1.0,-61.0,0.0,,,,,,,,,,,,,,,,,,,,,,,,,,,,,,,,,,,,
10/05/2022,Buy to close,ZIM221014C00037000,4.0,0.05,-20.0,4.0,-24.0,0.0,,,,,,,,,,,,,,,,,,,,,,,,,,,,,,,,,,,,
10/04/2022,Buy to close,CF221007P00096000,1.0,0.3,-30.0,1.0,-31.0,0.0,,,,,,,,,,,,,,,,,,,,,,,,,,,,,,,,,,,,
10/03/2022,Sell to open,CAT221111P00155000,-2.0,3.85,770.0,2.0,767.98,0.0,,,,,,,,,,,,,,,,,,,,,,,,,,,,,,,,,,,,
10/03/2022,Sell to open,CF221104P00089000,-1.0,2.7,270.0,1.0,268.99,0.0,,,,,,,,,,,,,,,,,,,,,,,,,,,,,,,,,,,,
10/03/2022,Sell to open,DHI221028P00064000,-1.0,1.3,130.0,1.0,129.0,0.0,,,,,,,,,,,,,,,,,,,,,,,,,,,,,,,,,,,,
10/03/2022,Buy to close,DVN221007P00063000,1.0,0.65,-65.0,1.0,-66.0,0.0,,,,,,,,,,,,,,,,,,,,,,,,,,,,,,,,,,,,
10/03/2022,Sell to open,DVN221104P00058000,-2.0,1.9,380.0,2.0,377.99,0.0,,,,,,,,,,,,,,,,,,,,,,,,,,,,,,,,,,,,
10/03/2022,Sell to open,ET221111P00010000,-15.0,0.29,435.0,15.0,419.99,0.0,,,,,,,,,,,,,,,,,,,,,,,,,,,,,,,,,,,,
10/03/2022,Sell to open,JPM221104P00100000,-2.0,2.3,460.0,2.0,457.99,0.0,,,,,,,,,,,,,,,,,,,,,,,,,,,,,,,,,,,,
10/03/2022,Sell to open,MSFT221111P00220000,-2.0,4.85,970.0,2.0,967.98,0.0,,,,,,,,,,,,,,,,,,,,,,,,,,,,,,,,,,,,
10/03/2022,Sell to open,SNOW221118P00150000,-1.0,8.1,810.0,1.0,808.98,0.0,,,,,,,,,,,,,,,,,,,,,,,,,,,,,,,,,,,,
09/30/2022,Assignment,AMD221007P00079000,1.0,0.0,0.0,0.0,0.0,0.0,,,,,,,,,,,,,,,,,,,,,,,,,,,,,,,,,,,,
09/30/2022,Sell to open,AMD221028C00071000,-3.0,1.56,468.0,3.0,464.99,0.0,,,,,,,,,,,,,,,,,,,,,,,,,,,,,,,,,,,,
09/30/2022,Assignment,CF220930P00097000,1.0,0.0,0.0,0.0,0.0,0.0,,,,,,,,,,,,,,,,,,,,,,,,,,,,,,,,,,,,
09/30/2022,Assignment,DDOG220930P00095000,1.0,0.0,0.0,0.0,0.0,0.0,,,,,,,,,,,,,,,,,,,,,,,,,,,,,,,,,,,,
09/30/2022,Assignment,DVN220930P00065000,1.0,0.0,0.0,0.0,0.0,0.0,,,,,,,,,,,,,,,,,,,,,,,,,,,,,,,,,,,,
09/30/2022,Sell to open,DVN221104C00070000,-2.0,1.47,294.0,2.0,291.99,0.0,,,,,,,,,,,,,,,,,,,,,,,,,,,,,,,,,,,,
09/30/2022,Sell to open,FYBR221021C00025000,-16.0,0.45,720.0,16.0,703.98,0.0,,,,,,,,,,,,,,,,,,,,,,,,,,,,,,,,,,,,
09/30/2022,Buy to close,MU220930P00052000,1.0,0.55,-55.0,1.0,-56.0,0.0,,,,,,,,,,,,,,,,,,,,,,,,,,,,,,,,,,,,
09/30/2022,Assignment,MU220930P00053000,1.0,0.0,0.0,0.0,0.0,0.0,,,,,,,,,,,,,,,,,,,,,,,,,,,,,,,,,,,,
09/30/2022,Sell to open,MU221118C00057500,-5.0,1.16,580.0,5.0,574.99,0.0,,,,,,,,,,,,,,,,,,,,,,,,,,,,,,,,,,,,
09/30/2022,Buy to close,ON220930P00062000,2.0,0.1,-20.0,2.0,-22.0,0.0,,,,,,,,,,,,,,,,,,,,,,,,,,,,,,,,,,,,
09/30/2022,Assignment,ON220930P00069000,1.0,0.0,0.0,0.0,0.0,0.0,,,,,,,,,,,,,,,,,,,,,,,,,,,,,,,,,,,,
09/30/2022,Buy to close,SNOW220930P00175000,2.0,1.3,-260.0,2.0,-262.0,0.0,,,,,,,,,,,,,,,,,,,,,,,,,,,,,,,,,,,,
09/29/2022,Buy to close,IRM221021C00050000,2.0,0.2,-40.0,2.0,-42.0,0.0,,,,,,,,,,,,,,,,,,,,,,,,,,,,,,,,,,,,
09/29/2022,Buy to close,WSM221118C00150000,1.0,2.2,-220.0,1.0,-221.0,0.0,,,,,,,,,,,,,,,,,,,,,,,,,,,,,,,,,,,,
09/28/2022,Buy to close,BIIB221007P00190000,1.0,0.1,-10.0,1.0,-11.0,0.0,,,,,,,,,,,,,,,,,,,,,,,,,,,,,,,,,,,,
09/28/2022,Buy to close,BIIB221014P00185000,1.0,0.15,-15.0,1.0,-16.0,0.0,,,,,,,,,,,,,,,,,,,,,,,,,,,,,,,,,,,,
09/28/2022,Buy to close,BIIB221021P00190000,1.0,1.5,-150.0,1.0,-151.0,0.0,,,,,,,,,,,,,,,,,,,,,,,,,,,,,,,,,,,,
09/28/2022,Buy to close,BIIB221021P00195000,1.0,1.5,-150.0,1.0,-151.0,0.0,,,,,,,,,,,,,,,,,,,,,,,,,,,,,,,,,,,,
09/27/2022,Assignment,AMD220930P00085000,1.0,0.0,0.0,0.0,0.0,0.0,,,,,,,,,,,,,,,,,,,,,,,,,,,,,,,,,,,,
09/23/2022,Assignment,CRWD220923P00180000,2.0,0.0,0.0,0.0,0.0,0.0,,,,,,,,,,,,,,,,,,,,,,,,,,,,,,,,,,,,
09/23/2022,Assignment,DVN220923P00068000,2.0,0.0,0.0,0.0,0.0,0.0,,,,,,,,,,,,,,,,,,,,,,,,,,,,,,,,,,,,
09/23/2022,Sell to open,DVN221028C00066000,-2.0,1.44,288.0,2.0,285.99,0.0,,,,,,,,,,,,,,,,,,,,,,,,,,,,,,,,,,,,
09/23/2022,Buy to close,DVN221028C00078000,2.0,0.28,-56.0,2.0,-58.0,0.0,,,,,,,,,,,,,,,,,,,,,,,,,,,,,,,,,,,,
09/23/2022,Buy to close,MU221007C00061000,3.0,0.13,-39.0,3.0,-42.0,0.0,,,,,,,,,,,,,,,,,,,,,,,,,,,,,,,,,,,,
09/23/2022,Buy to close,MU221014C00056000,7.0,0.75,-525.0,7.0,-532.0,0.0,,,,,,,,,,,,,,,,,,,,,,,,,,,,,,,,,,,,
09/23/2022,Assignment,OKTA220923P00085000,2.0,0.0,0.0,0.0,0.0,0.0,,,,,,,,,,,,,,,,,,,,,,,,,,,,,,,,,,,,
09/23/2022,Buy to close,OKTA221021C00070000,5.0,0.41,-205.0,5.0,-210.0,0.0,,,,,,,,,,,,,,,,,,,,,,,,,,,,,,,,,,,,
09/23/2022,Buy to close,WSM221021C00160000,2.0,0.4,-80.0,2.0,-82.0,0.0,,,,,,,,,,,,,,,,,,,,,,,,,,,,,,,,,,,,
09/23/2022,Buy to close,WSM221021C00165000,1.0,0.3,-30.0,1.0,-31.0,0.0,,,,,,,,,,,,,,,,,,,,,,,,,,,,,,,,,,,,
09/23/2022,Buy to close,XOM221021C00097500,2.0,0.68,-136.0,2.0,-138.0,0.0,,,,,,,,,,,,,,,,,,,,,,,,,,,,,,,,,,,,
09/22/2022,Assignment,AMD220930P00091000,1.0,0.0,0.0,0.0,0.0,0.0,,,,,,,,,,,,,,,,,,,,,,,,,,,,,,,,,,,,
09/22/2022,Assignment,EXPE220923P00106000,1.0,0.0,0.0,0.0,0.0,0.0,,,,,,,,,,,,,,,,,,,,,,,,,,,,,,,,,,,,
09/21/2022,Assignment,AMD220923P00086000,1.0,0.0,0.0,0.0,0.0,0.0,,,,,,,,,,,,,,,,,,,,,,,,,,,,,,,,,,,,
09/21/2022,Assignment,CRM220923P00175000,2.0,0.0,0.0,0.0,0.0,0.0,,,,,,,,,,,,,,,,,,,,,,,,,,,,,,,,,,,,
09/21/2022,Buy to close,DDOG220923P00095000,1.0,1.25,-125.0,1.0,-126.0,0.0,,,,,,,,,,,,,,,,,,,,,,,,,,,,,,,,,,,,
09/21/2022,Assignment,MRNA220923P00155000,1.0,0.0,0.0,0.0,0.0,0.0,,,,,,,,,,,,,,,,,,,,,,,,,,,,,,,,,,,,
09/21/2022,Assignment,OKTA220930P00091000,2.0,0.0,0.0,0.0,0.0,0.0,,,,,,,,,,,,,,,,,,,,,,,,,,,,,,,,,,,,
09/20/2022,Sell to open,AVGO221014P00465000,-1.0,9.1,910.0,1.0,908.98,0.0,,,,,,,,,,,,,,,,,,,,,,,,,,,,,,,,,,,,
09/20/2022,Sell to open,DDOG221028C00106000,-1.0,4.0,400.0,1.0,398.99,0.0,,,,,,,,,,,,,,,,,,,,,,,,,,,,,,,,,,,,
09/20/2022,Sell to open,DVN221028P00057000,-2.0,1.81,362.0,2.0,359.99,0.0,,,,,,,,,,,,,,,,,,,,,,,,,,,,,,,,,,,,
09/20/2022,Sell to open,MU221014C00056000,-7.0,1.02,714.0,7.0,706.98,0.0,,,,,,,,,,,,,,,,,,,,,,,,,,,,,,,,,,,,
09/20/2022,Sell to open,OKTA221021C00070000,-5.0,1.17,585.0,5.0,579.99,0.0,,,,,,,,,,,,,,,,,,,,,,,,,,,,,,,,,,,,
09/20/2022,Sell to open,WSM221118C00150000,-1.0,4.5,450.0,1.0,448.99,0.0,,,,,,,,,,,,,,,,,,,,,,,,,,,,,,,,,,,,
09/16/2022,Assignment,ARNC220916P00025000,5.0,0.0,0.0,0.0,0.0,0.0,,,,,,,,,,,,,,,,,,,,,,,,,,,,,,,,,,,,
09/16/2022,Assignment,DDOG220916P00103000,1.0,0.0,0.0,0.0,0.0,0.0,,,,,,,,,,,,,,,,,,,,,,,,,,,,,,,,,,,,
09/16/2022,Sell to open,DVN221014P00061000,-2.0,2.05,410.0,2.0,407.99,0.0,,,,,,,,,,,,,,,,,,,,,,,,,,,,,,,,,,,,
09/16/2022,Expired,FYBR220916C00030000,10.0,0.0,0.0,0.0,0.0,0.0,,,,,,,,,,,,,,,,,,,,,,,,,,,,,,,,,,,,
09/16/2022,Assignment,GOOGL220916P00110750,1.0,0.0,0.0,0.0,0.0,0.0,,,,,,,,,,,,,,,,,,,,,,,,,,,,,,,,,,,,
09/16/2022,Assignment,IPI220916P00050000,2.0,0.0,0.0,0.0,0.0,0.0,,,,,,,,,,,,,,,,,,,,,,,,,,,,,,,,,,,,
09/16/2022,Sell to open,JPM221014P00110000,-1.0,2.4,240.0,1.0,238.99,0.0,,,,,,,,,,,,,,,,,,,,,,,,,,,,,,,,,,,,
09/16/2022,Assignment,MRNA220916P00160000,1.0,0.0,0.0,0.0,0.0,0.0,,,,,,,,,,,,,,,,,,,,,,,,,,,,,,,,,,,,
09/16/2022,Assignment,NVDA220916P00170000,2.0,0.0,0.0,0.0,0.0,0.0,,,,,,,,,,,,,,,,,,,,,,,,,,,,,,,,,,,,
09/16/2022,Assignment,OKTA220916P00088000,1.0,0.0,0.0,0.0,0.0,0.0,,,,,,,,,,,,,,,,,,,,,,,,,,,,,,,,,,,,
09/16/2022,Assignment,WSM220916P00145000,1.0,0.0,0.0,0.0,0.0,0.0,,,,,,,,,,,,,,,,,,,,,,,,,,,,,,,,,,,,
09/15/2022,Buy to close,FSR220923P00008000,7.0,0.08,-56.0,7.0,-63.0,0.0,,,,,,,,,,,,,,,,,,,,,,,,,,,,,,,,,,,,
09/15/2022,Buy to close,FSR220930P00007500,15.0,0.11,-165.0,15.0,-180.0,0.0,,,,,,,,,,,,,,,,,,,,,,,,,,,,,,,,,,,,
09/15/2022,Assignment,OKTA220923P00091000,1.0,0.0,0.0,0.0,0.0,0.0,,,,,,,,,,,,,,,,,,,,,,,,,,,,,,,,,,,,
09/14/2022,Sell to open,ARNC221021P00023000,-3.0,0.8,240.0,3.0,236.99,0.0,,,,,,,,,,,,,,,,,,,,,,,,,,,,,,,,,,,,
09/14/2022,Sell to open,DDOG221028P00085000,-1.0,3.9,390.0,1.0,388.99,0.0,,,,,,,,,,,,,,,,,,,,,,,,,,,,,,,,,,,,
09/14/2022,Sell to open,DVN221014P00067000,-2.0,2.05,410.0,2.0,407.99,0.0,,,,,,,,,,,,,,,,,,,,,,,,,,,,,,,,,,,,
09/14/2022,Sell to open,GOOGL221021P00098000,-1.0,2.19,219.0,1.0,217.99,0.0,,,,,,,,,,,,,,,,,,,,,,,,,,,,,,,,,,,,
09/14/2022,Sell to open,JPM221014P00109000,-1.0,2.12,212.0,1.0,211.0,0.0,,,,,,,,,,,,,,,,,,,,,,,,,,,,,,,,,,,,
09/14/2022,Buy to close,LYB221021C00090000,5.0,0.55,-275.0,5.0,-280.0,0.0,,,,,,,,,,,,,,,,,,,,,,,,,,,,,,,,,,,,
09/14/2022,Assignment,OKTA220930P00091000,2.0,0.0,0.0,0.0,0.0,0.0,,,,,,,,,,,,,,,,,,,,,,,,,,,,,,,,,,,,
09/14/2022,Sell to open,RTX221028P00081000,-1.0,1.48,148.0,1.0,147.0,0.0,,,,,,,,,,,,,,,,,,,,,,,,,,,,,,,,,,,,
09/14/2022,Buy to close,SNOW220930P00170000,1.0,2.6,-260.0,1.0,-261.0,0.0,,,,,,,,,,,,,,,,,,,,,,,,,,,,,,,,,,,,
09/14/2022,Sell to open,UNP221014P00205000,-1.0,3.4,340.0,1.0,338.99,0.0,,,,,,,,,,,,,,,,,,,,,,,,,,,,,,,,,,,,
09/13/2022,Sell to open,AVGO221021P00480000,-1.0,12.1,1210.0,1.0,1208.97,0.0,,,,,,,,,,,,,,,,,,,,,,,,,,,,,,,,,,,,
09/13/2022,Sell to open,DVN221028C00078000,-2.0,2.1,420.0,2.0,417.99,0.0,,,,,,,,,,,,,,,,,,,,,,,,,,,,,,,,,,,,
09/13/2022,Sell to open,JPM221014P00111000,-1.0,2.59,259.0,1.0,257.99,0.0,,,,,,,,,,,,,,,,,,,,,,,,,,,,,,,,,,,,
09/13/2022,Sell to open,MSFT221028P00240000,-1.0,5.8,580.0,1.0,578.99,0.0,,,,,,,,,,,,,,,,,,,,,,,,,,,,,,,,,,,,
09/13/2022,Sell to open,SBLK221118C00024000,-5.0,0.9,450.0,5.0,444.99,0.0,,,,,,,,,,,,,,,,,,,,,,,,,,,,,,,,,,,,
09/13/2022,Sell to open,ZIM221014C00037000,-4.0,1.4,560.0,4.0,555.99,0.0,,,,,,,,,,,,,,,,,,,,,,,,,,,,,,,,,,,,
09/12/2022,Sell to open,BIIB221007P00190000,-1.0,6.9,690.0,1.0,688.98,0.0,,,,,,,,,,,,,,,,,,,,,,,,,,,,,,,,,,,,
09/12/2022,Sell to open,BIIB221021C00245000,-1.0,12.6,1260.0,1.0,1258.97,0.0,,,,,,,,,,,,,,,,,,,,,,,,,,,,,,,,,,,,
09/12/2022,Buy to close,DVN220923P00066000,1.0,0.9,-90.0,1.0,-91.0,0.0,,,,,,,,,,,,,,,,,,,,,,,,,,,,,,,,,,,,
09/12/2022,Buy to close,DVN220930P00065000,8.0,1.15,-920.0,8.0,-928.0,0.0,,,,,,,,,,,,,,,,,,,,,,,,,,,,,,,,,,,,
09/12/2022,Buy to close,MRNA220916P00155000,1.0,12.0,-1200.0,1.0,-1201.0,0.0,,,,,,,,,,,,,,,,,,,,,,,,,,,,,,,,,,,,
09/12/2022,Buy to close,MU221014P00050000,1.0,0.89,-89.0,1.0,-90.0,0.0,,,,,,,,,,,,,,,,,,,,,,,,,,,,,,,,,,,,
09/12/2022,Sell to open,OKTA221014P00058000,-1.0,2.27,227.0,1.0,225.99,0.0,,,,,,,,,,,,,,,,,,,,,,,,,,,,,,,,,,,,
09/12/2022,Sell to open,SNOW221021P00175000,-1.0,7.9,790.0,1.0,788.98,0.0,,,,,,,,,,,,,,,,,,,,,,,,,,,,,,,,,,,,
09/12/2022,Sell to open,WSM221021P00140000,-1.0,4.3,430.0,1.0,428.99,0.0,,,,,,,,,,,,,,,,,,,,,,,,,,,,,,,,,,,,
